{
    "name": "root",
    "gauges": {
        "Unicorn.Policy.Entropy.mean": {
            "value": -0.6196244359016418,
            "min": -0.6196244359016418,
            "max": -0.6196244359016418,
            "count": 1
        },
        "Unicorn.Policy.Entropy.sum": {
            "value": -4806.4267578125,
            "min": -4806.4267578125,
            "max": -4806.4267578125,
            "count": 1
        },
        "Unicorn.Step.mean": {
            "value": 13349969.0,
            "min": 13349969.0,
            "max": 13349969.0,
            "count": 1
        },
        "Unicorn.Step.sum": {
            "value": 13349969.0,
            "min": 13349969.0,
            "max": 13349969.0,
            "count": 1
        },
        "Unicorn.Policy.ExtrinsicValueEstimate.mean": {
            "value": 201.8990020751953,
            "min": 201.8990020751953,
            "max": 201.8990020751953,
            "count": 1
        },
        "Unicorn.Policy.ExtrinsicValueEstimate.sum": {
            "value": 44417.78125,
            "min": 44417.78125,
            "max": 44417.78125,
            "count": 1
        },
        "Unicorn.Environment.EpisodeLength.mean": {
            "value": 60.99173553719008,
            "min": 60.99173553719008,
            "max": 60.99173553719008,
            "count": 1
        },
        "Unicorn.Environment.EpisodeLength.sum": {
            "value": 7380.0,
            "min": 7380.0,
            "max": 7380.0,
            "count": 1
        },
        "Unicorn.Environment.CumulativeReward.mean": {
            "value": 344.53357951503153,
            "min": 344.53357951503153,
            "max": 344.53357951503153,
            "count": 1
        },
        "Unicorn.Environment.CumulativeReward.sum": {
            "value": 41688.56312131882,
            "min": 41688.56312131882,
            "max": 41688.56312131882,
            "count": 1
        },
        "Unicorn.Policy.ExtrinsicReward.mean": {
            "value": 344.53357951503153,
            "min": 344.53357951503153,
            "max": 344.53357951503153,
            "count": 1
        },
        "Unicorn.Policy.ExtrinsicReward.sum": {
            "value": 41688.56312131882,
            "min": 41688.56312131882,
            "max": 41688.56312131882,
            "count": 1
        },
        "Unicorn.Losses.PolicyLoss.mean": {
            "value": 0.09414548233740384,
            "min": 0.09414548233740384,
            "max": 0.09414548233740384,
            "count": 1
        },
        "Unicorn.Losses.PolicyLoss.sum": {
            "value": 0.28243644701221154,
            "min": 0.28243644701221154,
            "max": 0.28243644701221154,
            "count": 1
        },
        "Unicorn.Losses.ValueLoss.mean": {
            "value": 2397.1902697881064,
            "min": 2397.1902697881064,
            "max": 2397.1902697881064,
            "count": 1
        },
        "Unicorn.Losses.ValueLoss.sum": {
            "value": 7191.570809364319,
            "min": 7191.570809364319,
            "max": 7191.570809364319,
            "count": 1
        },
        "Unicorn.Policy.LearningRate.mean": {
            "value": 0.00046614170671916794,
            "min": 0.00046614170671916794,
            "max": 0.00046614170671916794,
            "count": 1
        },
        "Unicorn.Policy.LearningRate.sum": {
            "value": 0.0013984251201575038,
            "min": 0.0013984251201575038,
            "max": 0.0013984251201575038,
            "count": 1
        },
        "Unicorn.Policy.Epsilon.mean": {
            "value": 0.1466141653333333,
            "min": 0.1466141653333333,
            "max": 0.1466141653333333,
            "count": 1
        },
        "Unicorn.Policy.Epsilon.sum": {
            "value": 0.4398424959999999,
            "min": 0.4398424959999999,
            "max": 0.4398424959999999,
            "count": 1
        },
        "Unicorn.Policy.Beta.mean": {
            "value": 0.023312421250133334,
            "min": 0.023312421250133334,
            "max": 0.023312421250133334,
            "count": 1
        },
        "Unicorn.Policy.Beta.sum": {
            "value": 0.0699372637504,
            "min": 0.0699372637504,
            "max": 0.0699372637504,
            "count": 1
        },
        "Unicorn.IsTraining.mean": {
            "value": 1.0,
            "min": 1.0,
            "max": 1.0,
            "count": 1
        },
        "Unicorn.IsTraining.sum": {
            "value": 1.0,
            "min": 1.0,
            "max": 1.0,
            "count": 1
        }
    },
    "metadata": {
        "timer_format_version": "0.1.0",
        "start_time_seconds": "1737506552",
        "python_version": "3.7.16 (default, Jan 17 2023, 16:06:28) [MSC v.1916 64 bit (AMD64)]",
        "command_line_arguments": "C:\\Users\\SUPERVISER\\anaconda3\\envs\\mlagents_env\\Scripts\\mlagents-learn config.yaml --run-id=Unicorn --no-graphics --resume",
        "mlagents_version": "0.28.0",
        "mlagents_envs_version": "0.28.0",
        "communication_protocol_version": "1.5.0",
        "pytorch_version": "1.11.0+cpu",
        "numpy_version": "1.21.2",
        "end_time_seconds": "1737506755"
    },
    "total": 203.03010540000002,
    "count": 1,
    "self": 10.007748500000048,
    "children": {
        "run_training.setup": {
            "total": 0.1403417,
            "count": 1,
            "self": 0.1403417
        },
        "TrainerController.start_learning": {
            "total": 192.88201519999998,
            "count": 1,
            "self": 0.3397556999999267,
            "children": {
                "TrainerController._reset_env": {
                    "total": 8.7770247,
                    "count": 1,
                    "self": 8.7770247
                },
                "TrainerController.advance": {
                    "total": 183.66829980000006,
                    "count": 12949,
                    "self": 0.3438442999974143,
                    "children": {
                        "env_step": {
                            "total": 176.4329867000026,
                            "count": 12949,
                            "self": 166.03004360000307,
                            "children": {
                                "SubprocessEnvManager._take_step": {
                                    "total": 10.195818200000646,
                                    "count": 12949,
                                    "self": 0.8793910000016236,
                                    "children": {
                                        "TorchPolicy.evaluate": {
                                            "total": 9.316427199999023,
                                            "count": 12804,
                                            "self": 2.149284599999671,
                                            "children": {
                                                "TorchPolicy.sample_actions": {
                                                    "total": 7.167142599999352,
                                                    "count": 12804,
                                                    "self": 7.167142599999352
                                                }
                                            }
                                        }
                                    }
                                },
                                "workers": {
                                    "total": 0.20712489999887218,
                                    "count": 12948,
                                    "self": 0.0,
                                    "children": {
                                        "worker_root": {
                                            "total": 182.13967609999978,
                                            "count": 12948,
                                            "is_parallel": true,
                                            "self": 30.6727489000003,