{"count":1,"self":129.4855552,"total":184.6791098,"children":{"InitializeActuators":{"count":2,"self":0.0021335,"total":0.0021335,"children":null},"InitializeSensors":{"count":2,"self":0.00099859999999999988,"total":0.00099859999999999988,"children":null},"AgentSendState":{"count":64034,"self":0.1038727,"total":0.5777395,"children":{"CollectObservations":{"count":12807,"self":0.11356709999999999,"total":0.11356709999999999,"children":null},"WriteActionMask":{"count":12807,"self":0.0118587,"total":0.0118587,"children":null},"RequestDecision":{"count":12807,"self":0.075579399999999991,"total":0.348441,"children":{"AgentInfo.ToProto":{"count":12807,"self":0.0700093,"total":0.2728616,"children":{"GenerateSensorData":{"count":12807,"self":0.20285229999999999,"total":0.20285229999999999,"children":null}}}}}}},"DecideAction":{"count":64034,"self":53.197356799999994,"total":53.1973578,"children":null},"AgentAct":{"count":64034,"self":1.4113118999999998,"total":1.4153308999999998,"children":{"AgentInfo.ToProto":{"count":172,"self":0.0009984,"total":0.004019,"children":{"GenerateSensorData":{"count":172,"self":0.0030206,"total":0.0030206,"children":null}}}}}},"gauges":{"Unicorn.CumulativeReward":{"count":172,"max":3775.27832,"min":-0.986821651,"runningAverage":446.236481,"value":249.639832,"weightedAverage":806.1492}},"metadata":{"timer_format_version":"0.1.0","start_time_seconds":"1737506559","unity_version":"6000.0.33f1","command_line_arguments":"C:\\Program Files\\Unity\\Hub\\Editor\\6000.0.33f1\\Editor\\Unity.exe -projectpath D:\\MadCamp\\week4\\UniCanRun -useHub -hubIPC -cloudEnvironment production","communication_protocol_version":"1.5.0","com.unity.ml-agents_version":"3.0.0","scene_name":"SampleScene","end_time_seconds":"1737506744"}}