{"count":1,"self":13.975211199999999,"total":21.532415,"children":{"InitializeActuators":{"count":2,"self":0.0019947,"total":0.0019947,"children":null},"InitializeSensors":{"count":2,"self":0.0009971,"total":0.0009971,"children":null},"AgentSendState":{"count":8117,"self":0.0169039,"total":0.0936051,"children":{"CollectObservations":{"count":1624,"self":0.0220275,"total":0.0220275,"children":null},"WriteActionMask":{"count":1624,"self":0.0019026,"total":0.0019026,"children":null},"RequestDecision":{"count":1624,"self":0.0148893,"total":0.052771099999999994,"children":{"AgentInfo.ToProto":{"count":1624,"self":0.011961699999999999,"total":0.0378818,"children":{"GenerateSensorData":{"count":1624,"self":0.025920099999999998,"total":0.025920099999999998,"children":null}}}}}}},"DecideAction":{"count":8117,"self":7.0450479999999995,"total":7.0450475999999993,"children":null},"AgentAct":{"count":8117,"self":0.4135644,"total":0.41456109999999996,"children":{"AgentInfo.ToProto":{"count":45,"self":0,"total":0.00099669999999999989,"children":{"GenerateSensorData":{"count":45,"self":0.00099669999999999989,"total":0.00099669999999999989,"children":null}}}}}},"gauges":{"Unicorn.CumulativeReward":{"count":45,"max":13790.376,"min":-337.6995,"runningAverage":281.6643,"value":-5.062158,"weightedAverage":-7.30485725}},"metadata":{"timer_format_version":"0.1.0","start_time_seconds":"1737597523","unity_version":"6000.0.33f1","command_line_arguments":"C:\\Program Files\\Unity\\Hub\\Editor\\6000.0.33f1\\Editor\\Unity.exe -projectpath D:\\MadCamp\\week4\\UniCanRun -useHub -hubIPC -cloudEnvironment production","communication_protocol_version":"1.5.0","com.unity.ml-agents_version":"3.0.0","scene_name":"SampleScene","end_time_seconds":"1737597544"}}