{"count":1,"self":777.04765439999994,"total":1339.0289036,"children":{"InitializeActuators":{"count":2,"self":0.0019944,"total":0.0019944,"children":null},"InitializeSensors":{"count":2,"self":0.0009981,"total":0.0009981,"children":null},"AgentSendState":{"count":466117,"self":0.8246698,"total":3.938169,"children":{"CollectObservations":{"count":93224,"self":0.76530579999999993,"total":0.76530579999999993,"children":null},"WriteActionMask":{"count":93224,"self":0.061771,"total":0.061771,"children":null},"RequestDecision":{"count":93224,"self":0.4379126,"total":2.2864223999999997,"children":{"AgentInfo.ToProto":{"count":93224,"self":0.46541879999999997,"total":1.8485098,"children":{"GenerateSensorData":{"count":93224,"self":1.3830909999999998,"total":1.3830909999999998,"children":null}}}}}}},"DecideAction":{"count":466117,"self":399.03580159999996,"total":399.03580059999996,"children":null},"AgentAct":{"count":466117,"self":158.9895296,"total":159.00430749999998,"children":{"AgentInfo.ToProto":{"count":904,"self":0.0009989,"total":0.014783999999999999,"children":{"GenerateSensorData":{"count":904,"self":0.0137851,"total":0.0137851,"children":null}}}}}},"gauges":{"Unicorn.CumulativeReward":{"count":904,"max":3641.34277,"min":-2,"runningAverage":472.01358,"value":132.0058,"weightedAverage":718.434143}},"metadata":{"timer_format_version":"0.1.0","start_time_seconds":"1737440539","unity_version":"6000.0.33f1","command_line_arguments":"C:\\Program Files\\Unity\\Hub\\Editor\\6000.0.33f1\\Editor\\Unity.exe -projectpath D:\\MadCamp\\week4\\UniCanRun -useHub -hubIPC -cloudEnvironment production","communication_protocol_version":"1.5.0","com.unity.ml-agents_version":"3.0.0","scene_name":"SampleScene","end_time_seconds":"1737441878"}}