{
    "name": "root",
    "gauges": {
        "Unicorn.Policy.Entropy.mean": {
            "value": 1.3001435995101929,
            "min": 1.3001435995101929,
            "max": 1.3187397718429565,
            "count": 27
        },
        "Unicorn.Policy.Entropy.sum": {
            "value": 64780.953125,
            "min": 32030.87109375,
            "max": 66704.2890625,
            "count": 27
        },
        "Unicorn.Environment.EpisodeLength.mean": {
            "value": 63.291612903225804,
            "min": 51.72621564482029,
            "max": 73.28739002932551,
            "count": 27
        },
        "Unicorn.Environment.EpisodeLength.sum": {
            "value": 49051.0,
            "min": 23937.0,
            "max": 49982.0,
            "count": 27
        },
        "Unicorn.Step.mean": {
            "value": 4399899.0,
            "min": 3099560.0,
            "max": 4399899.0,
            "count": 27
        },
        "Unicorn.Step.sum": {
            "value": 4399899.0,
            "min": 3099560.0,
            "max": 4399899.0,
            "count": 27
        },
        "Unicorn.Policy.ExtrinsicValueEstimate.mean": {
            "value": 403.94091796875,
            "min": 342.0227355957031,
            "max": 447.7838134765625,
            "count": 27
        },
        "Unicorn.Policy.ExtrinsicValueEstimate.sum": {
            "value": 313054.21875,
            "min": 141776.59375,
            "max": 357187.875,
            "count": 27
        },
        "Unicorn.Environment.CumulativeReward.mean": {
            "value": 1329.0167545710071,
            "min": 977.3469980388691,
            "max": 1329.0167545710071,
            "count": 27
        },
        "Unicorn.Environment.CumulativeReward.sum": {
            "value": 1029987.9847925305,
            "min": 404098.0145608187,
            "max": 1029987.9847925305,
            "count": 27
        },
        "Unicorn.Policy.ExtrinsicReward.mean": {
            "value": 1329.0167545710071,
            "min": 977.3469980388691,
            "max": 1329.0167545710071,
            "count": 27
        },
        "Unicorn.Policy.ExtrinsicReward.sum": {
            "value": 1029987.9847925305,
            "min": 404098.0145608187,
            "max": 1029987.9847925305,
            "count": 27
        },
        "Unicorn.Losses.PolicyLoss.mean": {
            "value": 0.014627531839263005,
            "min": 0.014244122428741927,
            "max": 0.019954360226014007,
            "count": 27
        },
        "Unicorn.Losses.PolicyLoss.sum": {
            "value": 0.02925506367852601,
            "min": 0.018411328247748316,
            "max": 0.058095096909770896,
            "count": 27
        },
        "Unicorn.Losses.ValueLoss.mean": {
            "value": 48036.52298177083,
            "min": 48036.52298177083,
            "max": 81723.00833333333,
            "count": 27
        },
        "Unicorn.Losses.ValueLoss.sum": {
            "value": 96073.04596354166,
            "min": 81723.00833333333,
            "max": 234962.1686197917,
            "count": 27
        },
        "Unicorn.Policy.LearningRate.mean": {
            "value": 8.250154949846801e-05,
            "min": 8.250154949846801e-05,
            "max": 8.761200038801201e-05,
            "count": 27
        },
        "Unicorn.Policy.LearningRate.sum": {
            "value": 0.00016500309899693602,
            "min": 8.761200038801201e-05,
            "max": 0.00026132283067720804,
            "count": 27
        },
        "Unicorn.Policy.Epsilon.mean": {
            "value": 0.18250153199999997,
            "min": 0.18250153199999997,
            "max": 0.1876119880000001,
            "count": 27
        },
        "Unicorn.Policy.Epsilon.sum": {
            "value": 0.36500306399999993,
            "min": 0.1876119880000001,
            "max": 0.5613227919999999,
            "count": 27
        },
        "Unicorn.Policy.Beta.mean": {
            "value": 0.0024767958067999996,
            "min": 0.0024767958067999996,
            "max": 0.002629598441200001,
            "count": 27
        },
        "Unicorn.Policy.Beta.sum": {
            "value": 0.004953591613599999,
            "min": 0.002629598441200001,
            "max": 0.007843551480800001,
            "count": 27
        },
        "Unicorn.IsTraining.mean": {
            "value": 1.0,
            "min": 1.0,
            "max": 1.0,
            "count": 27
        },
        "Unicorn.IsTraining.sum": {
            "value": 1.0,
            "min": 1.0,
            "max": 1.0,
            "count": 27
        }
    },
    "metadata": {
        "timer_format_version": "0.1.0",
        "start_time_seconds": "1737614455",
        "python_version": "3.7.16 (default, Jan 17 2023, 16:06:28) [MSC v.1916 64 bit (AMD64)]",
        "command_line_arguments": "C:\\Users\\SUPERVISER\\anaconda3\\envs\\mlagents_env\\Scripts\\mlagents-learn config.yaml --run-id=Unicorn4 --no-graphics --resume",
        "mlagents_version": "0.28.0",
        "mlagents_envs_version": "0.28.0",
        "communication_protocol_version": "1.5.0",
        "pytorch_version": "1.11.0+cpu",
        "numpy_version": "1.21.2",
        "end_time_seconds": "1737626118"
    },
    "total": 11663.2469172,
    "count": 1,
    "self": 0.008343700001205434,
    "children": {
        "run_training.setup": {
            "total": 0.1099922000000002,
            "count": 1,
            "self": 0.1099922000000002
        },
        "TrainerController.start_learning": {
            "total": 11663.1285813,
            "count": 1,
            "self": 37.888845399555066,
            "children": {
                "TrainerController._reset_env": {
                    "total": 27.5216066,
                    "count": 1,
                    "self": 27.5216066
                },
                "TrainerController.advance": {
                    "total": 11597.562445600444,
                    "count": 1349821,
                    "self": 39.11885090009673,
                    "children": {
                        "env_step": {
                            "total": 10772.597245800338,
                            "count": 1349821,
                            "self": 9135.615615001301,
                            "children": {
                                "SubprocessEnvManager._take_step": {
                                    "total": 1611.3182926992286,
                                    "count": 1349821,
                                    "self": 100.86755769958427,
                                    "children": {
                                        "TorchPolicy.evaluate": {
                                            "total": 1510.4507349996443,
                                            "count": 1330131,
                                            "self": 252.11535169998115,
                                            "children": {
                                                "TorchPolicy.sample_actions": {
                                                    "total": 1258.3353832996631,
                                                    "count": 1330131,
                                                    "self": 1258.3353832996631
                                                }
                                            }
                                        }
                                    }
                                },
                                "workers": {
                                    "total": 25.663338099807774,
                                    "count": 1349820,
                                    "self": 0.0,
                                    "children": {
                                        "worker_root": {
                                            "total": 11471.480488100338,
                                            "count": 1349820,
                                            "is_parallel": true,